manuscript_id	specimen	primer	barcode	biosample_accession
S5	j47tr4	TR-4	TTACGC	SRX1716567
S4	j47tr5	TR-5	TTAGGT	SRX1716568
S7	j47tr11	TR-11	TTGTAC	SRX1716572
S6	j47tr12	TR-12	TTGTGT	SRX1716573
S8	j47tr17	TR-17	TATCAC	SRX1716574
S10	j47tr18	TR-18	TATGCC	SRX1716575
S9	j47tr22	TR-22	TACTAC	SRX1716576
S13	j47tr24	TR-24	TACGTT	SRX1716577
S12	j47tr27	TR-27	TCTTAC	SRX1716578
S11	j47tr31	TR-31	TCAACC	SRX1716579
S3	j47tr52	TR-52	AACCGT	SRX1716569
S2	j47tr54	TR-54	AAGAAC	SRX1716570
S1	j47tr56	TR-56	ACTCAT	SRX1716571
